,emb_id,data_type,CLOOME_CLIP_PCA_x,CLOOME_CLIP_PCA_y,CLOOME_CLIP_UMAP_x,CLOOME_CLIP_UMAP_y,CLOOME_CLIP_TSNE_x,CLOOME_CLIP_TSNE_y,CLOOME_CLIP_nogap_PCA_x,CLOOME_CLIP_nogap_PCA_y,CLOOME_CLIP_nogap_UMAP_x,CLOOME_CLIP_nogap_UMAP_y,CLOOME_CLIP_nogap_TSNE_x,CLOOME_CLIP_nogap_TSNE_y,CLOOME_cloob_PCA_x,CLOOME_cloob_PCA_y,CLOOME_cloob_UMAP_x,CLOOME_cloob_UMAP_y,CLOOME_cloob_TSNE_x,CLOOME_cloob_TSNE_y,CLOOME_cloob_nogap_PCA_x,CLOOME_cloob_nogap_PCA_y,CLOOME_cloob_nogap_UMAP_x,CLOOME_cloob_nogap_UMAP_y,CLOOME_cloob_nogap_TSNE_x,CLOOME_cloob_nogap_TSNE_y
0,0,image,0.5011905648124874,-0.03549781327761097,12.637838,4.752427,-8.127609908208246,0.7465965860740964,0.4556337725636445,0.1255753989509601,10.786679,2.6250384,7.035998327951528,1.036649483421588,-0.25568434672737056,-0.09872669782126464,0.6599973,3.7718196,5.1964030231784495,13.88162616571315,-0.1540292159963797,-0.19629910098190978,-1.2850331,13.819538,5.3111071553662725,6.149258256048608
1,1,image,-0.2402488164707762,0.2503718358813708,16.307297,2.2377045,9.391682546488159,-6.927517771551963,-0.3356860256377582,-0.2873415816029289,13.185398,0.05605023,0.8400485047588372,5.937444265608104,-0.3057475144377236,0.248368055535487,-0.2768546,4.236225,-4.066863895470405,-10.25759529630632,-0.21627286396253742,0.20332004887777688,-0.14164342,12.3634,-11.164723466773903,-5.930893811865252
2,2,image,-0.024352049391057336,0.1275221674113301,16.36445,1.9971994,10.820941900685048,-6.600169293328919,-0.09238059448624136,-0.1161183522060878,13.666026,0.0004860327,2.6120524431990524,5.507837950904762,-0.1618345918197452,0.12367060706326491,-0.32691526,4.698463,6.106130100091412,-8.672007538558425,-0.031089210131639792,0.14939187662361755,-1.7529658,11.241517,-4.091996482853364,10.189177210415865
3,3,image,-0.09611309078059734,0.12831952057302562,15.722778,3.4517906,4.085501919852018,-9.890566231121962,-0.14910532515292366,-0.40872821309542323,13.762178,1.8659431,0.5081059965843491,10.728581044410797,-0.23003259997982572,0.014500362324543345,-0.33097187,2.1239512,-11.763737732836011,3.6329674466125517,-0.08298550815949216,0.037917896762094214,-2.0542746,10.252727,6.147400355171461,-13.745667882269492
4,4,image,0.6993699246568164,0.027365631525293414,10.462944,2.2615345,-10.597998832118316,-1.3944167077626508,0.6378791147800699,0.13238573508989568,8.742795,3.1237955,0.25050020862182576,-13.079722960719007,-0.1338520898522565,0.008518873390141958,0.83916885,1.4349358,11.932302536064821,-7.807173922410907,-0.02472180483156994,-0.023376216191530987,-2.0776603,14.66776,2.35085797123759,13.138994838579432
5,5,image,0.45763692000175216,0.056389165990816746,10.174202,1.8257393,-13.469299332548744,0.5363344389489061,0.3964306414544496,0.0009102630350284314,8.511951,2.500472,-3.6645367062680063,-13.925096675470304,-0.22754291165316917,-0.02914304661905974,0.93393004,2.11415,10.104320105666421,-11.085826520633034,-0.1068995255945276,-0.04410145217239609,-2.3675785,13.375775,6.577352520968179,13.103436972979067
6,6,image,-0.11134881891155805,0.2001292848307651,13.797907,5.1534977,5.879224985793024,6.661797355141683,-0.18848261630562235,-0.0555722398055106,12.048997,4.0054164,10.403477102080181,-2.341165660123513,-0.07062232551983588,0.05973082793317151,-1.1326658,4.2516403,-6.821628565718089,-5.232665931566313,0.022881792002464204,0.0660605430786299,-1.0986817,12.29368,-14.30855906177141,-2.638511977931005
7,7,image,-0.07174568866382394,0.5957111105031117,12.338795,1.8576604,-1.7461100580680897,10.588663032529626,-0.2535208444227297,0.5268004670366973,11.177712,0.6103857,-5.140152153295451,0.8711372109386356,-0.08635946491595678,-0.270286675962522,-2.537559,2.2414296,14.073684011539127,1.2324326738003084,0.19121985080548373,-0.2003740363090769,-4.2197075,12.000891,0.5593973029349569,10.000448528909063
8,8,image,0.34517101916341514,0.03251944742977066,13.877111,5.3274164,7.150510782736059,8.28711608804645,0.2859576133460512,-0.12705903208847258,12.309671,4.190153,9.652300360052473,0.04907088886379737,-0.14712237626479807,0.11423602064035804,-0.81234604,1.7183634,9.834925135447058,9.798572824763339,-0.0508244533013635,0.08992618991535782,-1.6576251,13.189924,-1.941862556678383,-9.5511122032364
9,9,image,-0.14387117808309596,0.44135314217062277,12.82821,0.7880689,-2.846084059618615,6.276375686951444,-0.26893470008935794,0.2771988872681181,10.234249,0.6117648,-8.00647803980777,-2.837865763189989,-0.10304002494142064,0.19544435241106517,-1.2837219,1.6701752,6.061280208571275,-4.184621072825808,-0.0802089246774184,0.15719393835177498,-3.8127832,11.348435,-10.178385658667485,6.4944848672118916
10,10,image,-0.21604982022987745,0.3314066478530312,12.484347,2.562453,10.175890638205399,3.1550955125449454,-0.32397522909389803,0.027515520472815077,11.794404,1.1240357,-1.079577430159966,1.5021320332467667,-0.13173173523122736,-0.17831166734595966,-1.88572,1.8565544,11.411370674654576,2.4029834598216997,0.12719784058016548,-0.11830627576188067,-4.2666354,11.794088,5.746588531825144,-1.3514574001271744
11,11,image,-0.10793086092014684,0.35122055850654127,13.953226,5.309563,6.450233609858894,7.112773262891013,-0.22764639980677598,0.04458415866506721,12.14397,4.1703634,10.594414868559168,-1.5976116948422405,-0.09585933017968759,-0.0597958408147006,-3.0236466,4.0378923,1.9414325275634956,-5.0813284601083994,0.07292747848764546,-0.001351212106681788,-2.1616051,11.1621065,-5.474925146942219,-8.416217250736972
12,12,image,0.03495563340675688,0.03570126093748862,12.864073,2.4891784,8.849111133483456,4.354529362144104,-0.0038004918879370572,-0.13584006050674277,12.817898,2.3848133,-5.624167141245367,5.069534194843455,-0.03540638254692579,0.1696697761622358,-2.0029464,4.4927273,-8.957859521515259,0.5255290140405144,0.06149385632954996,0.20511591952409994,-0.9847902,10.999873,-6.3069251113339835,1.4709260291657542
13,13,image,0.03408390588587616,0.09280761968911828,13.521822,4.656672,4.292529416920369,5.601260707087655,-0.017626510206212517,0.13976099571022987,11.724843,3.491897,8.65809191774176,-3.8633456256760987,-0.17379995507312265,-0.14502121406190935,-0.3806867,3.2430768,8.711037148083804,-2.19153473689568,-0.021695692028166947,-0.17835481337344217,-2.6047428,12.461062,1.3299008786214621,6.680987351801123
14,14,image,-0.2751529729112728,0.16948828952011902,16.208147,2.192022,9.598882989393424,-7.733429470004168,-0.33241366199814054,-0.27012015039734794,13.664433,0.40702686,1.4847967080017626,7.14297569726281,-0.0240253314244371,0.00727055020469142,-1.350144,4.3147955,-6.229984544180591,-2.5370088741531327,0.08358000370100604,0.06244473255231805,-0.7298064,10.941646,-8.406728382806257,-0.6285489107199226
15,15,image,0.04280147915258311,0.12580447631348696,12.502629,2.5349796,11.12798409549198,3.525821392250341,-0.021147726318660062,0.0985953886324069,11.627545,1.5948768,-0.2037433398537467,0.514632147989512,-0.13477907978238873,-0.1625086029442009,-1.2015339,2.1565588,7.673021029789694,5.236581302906487,0.037729201722984475,-0.1630434270703975,-3.8171372,12.64578,5.678020221987144,-5.628438709845337
16,16,image,-0.15747324002084376,0.24850983136882254,15.751979,3.408266,4.120241143548843,-9.692572509189302,-0.2388017636618655,-0.37558548508186496,13.561352,1.8840964,-0.058815908803157055,10.725207477714944,-0.1660163771919747,0.021613487922536537,-0.44267955,1.9615052,-12.219408866839522,4.316156134770607,0.051979104337785034,0.14882167743988503,-2.294251,10.036951,5.269462385256757,-13.426672585537366
17,17,image,-0.08458057867489283,0.21090974762063436,12.6162195,2.6695797,10.323096189387254,2.571122894155084,-0.16901654041844769,-0.01262016388597651,11.700212,1.3416024,-0.19954020729452726,1.5878678615538466,-0.14619924196592668,-0.07865628751182174,-1.451158,2.1175232,8.763779526281883,3.6918848830052897,-0.025885959057373568,-0.1057706700333747,-3.7928958,12.651822,7.378620926665232,-6.28596908257271
18,18,image,0.026632143756888483,0.37983743304716017,13.144941,1.6158717,-1.2081733373213495,5.682281818139008,-0.09533335903145776,0.2681416372803472,10.707717,0.21524163,-4.564948656693616,-2.079544407547311,-0.09868335909702117,-0.05714910226207661,-1.9805788,1.4300973,-11.693129229681496,-0.4079634461907946,0.12511639516449483,0.03393518349043559,-4.1690016,11.001105,3.647408555651631,1.793720688141622
19,19,image,-0.11064961371501611,0.3569185414434584,14.752865,0.23234393,1.1454859631766379,-13.735936616152848,-0.20888665254473152,0.17273530493899092,12.367613,-0.57938236,-2.887281305724056,15.16112726757735,-0.1278854679291517,0.0565606256796773,-0.9981039,3.8641346,-10.07985321486186,-6.6348887957338505,0.016111100399846992,0.08233926347314029,-0.19334988,11.533438,-4.117710741297727,-12.554400712676703
20,20,image,-0.0832101170584986,0.3035149224387905,16.094063,3.6848574,5.980524594582417,-8.955699270308417,-0.18523855671864092,-0.17091078806274415,14.2099695,1.1481905,3.7649214411877456,9.355298460099313,-0.14485450481717677,-0.08783548102379148,-0.45582768,1.4396225,-12.443179384524948,4.604151509249938,0.0699804966548773,0.012467760032890133,-2.4191244,10.199787,4.904294382312566,-13.266521648038445
21,21,image,0.07507748350429494,0.5019140231615372,12.026727,2.0163484,-2.5037934115064937,12.096690221587485,-0.08571407170206491,0.26664535328036904,11.3064,0.27195454,-7.2882910493010264,2.1050012032285133,-0.20514943574451458,0.09657135926672135,-1.214526,2.4031415,0.28815742863437177,-12.873529243609072,-0.08858300226169917,0.0918922696657384,-1.858755,12.600442,-2.351120473720755,-5.668039602803946
22,22,image,-0.013158291656014936,-0.2037818437411823,14.196994,3.9028854,-5.218741579839198,-6.323727931709126,0.015207355157472003,-0.27320188006345936,11.129198,2.9415882,4.715962207914449,-0.8939484556286319,-0.12601002710155984,-0.08603787033722772,-1.6112839,3.56686,-4.491446423651727,-4.481782361075721,-0.04592504965153449,-0.13414632851470615,-1.8536025,11.845967,-3.2697860867871076,5.397424755890284
23,23,image,-0.20469612125811526,0.22598065671688752,16.246275,3.5327156,6.667935295469625,-9.655856350354927,-0.2898234518291451,-0.23173386980042893,14.161144,0.9215578,2.69974804789176,9.182331480903855,-0.07411920289301807,-0.05768615968186064,0.41675627,3.272883,-3.370463796030999,13.141404855643318,0.037471305182518753,-0.0788642161352504,-2.0956967,12.760236,7.99223079096137,-9.510389325769136
24,24,image,0.08257726671873444,-0.04079810627474102,13.072804,4.608293,5.707080918879158,3.932758067108479,0.05596360486462263,-0.032447738103619984,11.901264,3.4000165,9.604549580863425,-5.640726686568519,-0.26667524354061434,0.17132727005164977,-0.0865518,4.063188,-1.3157795595869142,-9.801424082923381,-0.15754466303279804,0.16366926509328175,-0.79393363,12.435084,-8.35472709560095,-7.287747329749347
25,25,image,0.034910854940749095,0.1374626564075179,13.5397415,4.913366,5.010795302428667,6.081221949719191,-0.030731667878952377,0.11371340371767281,11.841909,3.7695134,9.403988856747377,-3.27090937496722,-0.11803062972445903,-0.003602097362362739,-0.035483308,3.662399,2.5606070076153293,-9.52044261593552,0.05326492112304915,0.05360866683719709,-2.243259,11.909099,4.40356684520749,-8.702083609557734
26,26,image,0.5494310791085251,-0.11576297713188476,12.188746,4.4596615,-7.6306759085511775,-0.2717625452828656,0.5165798653651303,-0.0116690036416316,10.624309,2.3964436,1.1810030049320321,-2.9025109455190887,-0.23238237365471756,-0.21276862224468376,1.2642612,3.3553097,3.5867198184458986,15.230790421952525,-0.113074657674252,-0.30088916290096734,-0.86469567,14.300904,7.029079519569891,7.292149523494044
27,27,image,-0.19293016087982084,0.21992378978067365,16.188879,2.580615,8.076609730442279,-6.915063627364395,-0.27849401033547505,-0.1667525385810314,12.845856,-0.013859725,-0.772574420933986,5.910943486824474,-0.2163793972986877,0.033469378910725316,-0.41565824,4.311778,8.444537078429674,-4.722158005412941,-0.12848011495181716,-0.03896190196293308,-2.1109154,11.783241,-1.2155585953813137,6.217881397726114
28,28,image,0.12086419870444076,0.1933888526675033,12.783307,5.314199,4.845807500508629,12.18995061872838,0.02692368687985131,-0.16588495977223772,13.20406,3.2452908,8.332178582653002,5.383811753912784,-0.10064136439546403,0.07521967169127193,0.034437884,4.7789693,8.51297052484562,-6.884689841464333,-0.04524625351953124,0.03359754475592264,-1.8132458,11.617212,-3.7664240910044904,6.869417374198659
29,29,image,-0.10421297968481245,0.3310182220769115,14.914519,0.41113073,1.0880766550493703,-13.685361974430315,-0.20856533733598845,0.0017790411494723604,12.507729,-0.5125193,-3.030636256419324,15.145454139486482,-0.18048303445059333,0.0038806571293789277,-0.7956709,3.7981303,-10.044419951315435,-6.7078291327571105,-0.005347099083426032,0.03882383739865355,-0.10895149,11.354778,-3.9607405380720397,-12.560565873404833
30,30,image,-0.01924538608437027,-0.03090975131877498,12.507642,3.6210992,2.7873352978189816,9.00938065280821,-0.04015741319176995,-0.17402385683583246,11.087443,3.89764,7.17477027204935,-7.993269444382004,-0.08335706037943712,-0.20937520261778475,-1.9154488,2.0701294,7.146791810407389,5.616061167364939,0.13900716535671556,-0.146651550012151,-3.6057415,12.591706,4.8222374537780945,-5.14092527002082
31,31,image,0.6572327321356718,-0.1731094333344158,12.368484,4.606823,-7.751452628014414,-1.5830558661404366,0.6328818129131625,-0.16427115694959,10.3192,2.6963542,1.4885260683141561,-4.278936983148261,-0.16515404336898434,-0.3155920849185836,1.4169617,2.8905487,1.7476918246527342,12.909489170407632,0.06769398635260472,-0.2914753419123989,-1.167894,14.668407,-7.1511758824359015,13.261992161415419
32,32,image,0.030213689524288476,0.10755032755355594,12.45252,3.6083539,2.350671794188899,9.612670538337433,-0.028361521028643984,0.034770598168316645,10.964142,4.0860476,6.562208814641937,-8.445123215264308,-0.0316547142095779,-0.15521104371263988,-1.801303,2.324783,-2.061459465948038,9.502505991846641,0.13880049735196134,-0.0693702315380739,-3.3966928,12.988363,9.569487899582455,-3.5582828765312584
33,33,image,0.0959522766683569,0.13619754099727258,13.73189,5.2628856,6.074150630223304,7.844736349446246,0.015744098145415813,-0.04168085493501391,11.908593,4.0440416,9.699706232561967,-1.2207295241738045,-0.0831499927020299,0.010369715223894715,-0.07077222,3.6933665,2.923143394013463,-9.373508056971739,0.03218679050132679,0.039106827470022816,-2.3997197,11.776219,4.378809551031335,-9.276896359564809
34,34,image,-0.0794624671951465,0.26793625329302845,13.885332,5.201425,6.9430158057378994,7.192826285630968,-0.16512295681209496,0.038601666107316746,12.066418,4.1993856,10.788499974676501,-1.004532564712141,-0.17721522382651234,-0.13395205631945042,-0.3309975,3.4115288,9.673743923838657,-0.7139422600503351,-0.010655329922895123,-0.13008524638174004,-2.6394403,12.314742,1.1543844695433485,4.945985320959944
35,35,image,-0.15717821361108159,0.17923228133753943,16.025995,3.4859931,5.606102422233168,-10.54552984046174,-0.22855353646103221,-0.31518577551675836,14.078646,1.5591149,1.8505377451509024,10.621364184454192,-0.1549574463996684,-0.28532840909281454,-0.61917067,2.236326,-0.7174288961921296,10.600100747753984,0.1259862097959132,-0.18991676135309385,-3.0107484,12.697771,10.509614617582717,-6.369878842218799
36,36,image,-0.13549458613778487,0.4386386518015072,12.265545,1.9925424,-2.117315754912073,11.459018788996255,-0.2668533827580462,0.18411253720293014,11.360916,0.3846276,-5.940738335912269,1.898586698120856,-0.08120107766713952,-0.042060106428371886,-2.3334153,2.441437,4.032733122403961,-3.589493632092226,0.09303167195441724,-0.0011237218828160473,-3.8764582,11.461081,-4.517506857765478,3.1391645111239947
37,37,image,-0.07784892699187475,0.5108410298738467,12.378691,2.0198748,-1.5686276973008453,10.547323768331145,-0.23714735911772336,0.3821740274593174,11.188802,0.5732963,-4.911180300672226,0.742421582514079,-0.17057400783206353,-0.18887246678352668,-2.1932151,2.0643907,14.052287892821303,1.2473375668642943,0.10282836539053325,-0.15395430196638396,-4.22131,12.031301,0.5745691554731741,10.042772734576447
38,38,image,0.2554065028458836,-0.1272708599908373,11.241052,3.4981909,-13.083353937136204,5.081508679264642,0.24867643074550366,0.0340462898195642,8.378812,1.518032,4.847802513683735,-12.521670632573795,-0.2443923594380179,0.015870840958402334,-0.925591,1.3633584,-1.0257213571179793,-14.238569867877104,-0.08430056068022083,0.02248273149287522,-1.7653595,10.763307,0.7047142550789275,-13.38840751074886
39,39,image,0.33975738048538623,0.13856822655928738,12.713496,5.3985553,5.622651903490251,10.795691347179567,0.25143559462371506,-0.14872434389405742,12.7352,3.3359613,7.475427726413646,2.7908573194348887,-0.22036405780824292,-0.012854635054656477,0.61861974,3.8879013,6.8449387847966126,13.493514514499074,-0.15351911982104616,-0.09394450854281501,-1.6699407,12.498807,-5.001060041984074,7.155292624519527
40,40,image,-0.25946930857784756,0.2521500905793831,15.941827,3.365515,4.772293760312327,-10.655410141092446,-0.3324124755380542,-0.23795961720378936,14.021489,1.6361107,1.2752363574413133,11.292571288524925,-0.1528221650634738,-0.05961011585970904,-0.47632656,2.2567089,4.070105888273548,-6.199739907347332,0.054456498042013045,0.024774603484841368,-2.95066,12.314653,11.290817527350221,-7.303289581188538
41,41,image,-0.12283882469901097,0.2803306475793378,15.0323305,3.450931,10.371680577420946,9.503266869800326,-0.216866517186666,0.04878125255893179,12.625728,1.0922339,-5.215704925168297,10.825202090771636,-0.1540199783250219,0.09661076662008442,-2.1014495,3.8889766,-9.105623143907941,6.416827693640032,-0.07658242515687286,0.05505079227025863,-1.68106,11.873982,-10.297248463685102,0.9547783093641681
42,42,image,-0.04798253534240396,0.194958667679496,15.073293,3.5117483,10.079579925971602,8.309136900394638,-0.11933748988565335,-0.12407847255894058,13.065825,1.4895488,-3.5754161403398914,10.714023056296366,-0.12006430247065286,-0.0568308041011021,-2.6030571,3.6479993,-6.892165161628572,4.292061053572626,0.12251776722626001,0.06668674633130235,-2.7361517,10.428362,-3.6772420699674746,0.7163583162086039
43,43,image,0.0016548519710289417,0.08985022155010722,12.93665,2.5463374,8.866101447403397,4.332090079130713,-0.0495184961162525,-0.20303228183502534,12.886312,2.2767608,-5.649935487378023,5.052716196715465,-0.0741408328812335,0.21592546038604857,-1.9259365,4.600451,-8.812923545970875,0.4739710627396356,0.012199762597852257,0.26171541644499813,-0.8591202,11.056178,-6.617787216595186,1.5003033213164574
44,44,image,0.07281825039349551,0.049091798715831095,16.297699,1.9575849,11.242625190634703,-6.575435310643729,0.025740302996038182,-0.15100577521117461,13.563453,-0.018197587,2.894768108269617,5.220737829682765,-0.08852400435595828,0.13168719995507,-0.40302363,4.9014897,6.46551720984702,-7.903671035059474,-0.08903251797347866,0.07355548741550146,-1.7545912,11.323952,-3.7697631953394386,9.60073723647005
45,45,image,0.29822330443947337,-0.03949211749495309,11.881482,2.859808,-9.607864622339696,-6.855549328895195,0.26944482080075116,-0.01857545568164799,9.8114805,3.5635245,-13.922971643532925,1.7762013642752776,-0.1904597084388955,-0.10597740651924896,0.19226496,2.8468976,-12.016927282817537,-10.203289523279409,-0.08924217974308397,-0.16574176949568292,0.1587181,12.776689,10.39566497922686,10.871317471599863
46,46,image,0.5331748051165569,0.036469830706384626,10.277769,1.7910336,-13.530877354619545,-0.2771362553346147,0.4706585527458883,0.1357196358606736,8.59003,2.5507386,-3.163541646861393,-14.321159923318863,-0.19761762333058777,-0.2527239480207445,0.7174496,2.2607195,9.294791785644838,-11.161160068294373,0.030969982794055825,-0.2234101353292245,-2.4737444,13.215099,6.593977508345827,12.278108012488676
47,47,image,0.026590529808316055,0.23400019061348726,12.820238,5.383624,5.875106569621479,10.962914262417215,-0.06846943612991291,-0.15418099049406422,12.831721,3.2268445,7.0705866924651914,3.684431353742402,-0.1751813319958981,0.118316955665706,-1.2017174,4.1490617,-6.895473224685404,-5.1660468811025835,-0.08212112478330176,0.11819044963644317,-0.9000538,12.175066,-14.29856982698676,-2.5541441339762248
48,48,image,0.1197124531893344,0.5345769973767697,12.172247,1.5072091,-4.416077423023933,8.517222437485225,-0.03628985193270697,0.41208420511141614,10.339034,0.8493844,-7.211204548203473,-5.382778536478172,-0.1826745470714184,-0.029244583327069112,-1.7470207,1.4220335,-11.26782270276547,-1.2831357418391136,-0.06197279196422137,-0.05784114620646387,-3.7859833,10.720183,1.7808413412449309,-8.823520991487008
49,49,image,-0.07482277063137954,0.36927182409356213,14.920207,3.196474,9.857581405401199,10.236813493118596,-0.18867795559080752,-0.022084202956064634,12.599575,1.6517425,-6.4876560242697385,9.613358619711901,-0.20081931971576017,0.09035487975032071,-0.9571346,2.8907979,-4.509625402158994,-7.0769197650197855,-0.04927643682788303,0.10204760078121157,-1.2250863,11.965636,-7.71815538039625,-10.11418783516509
50,50,image,0.03091109028285376,0.19879474778102846,13.409698,4.838961,5.021824237904507,5.6091205010087455,-0.049199532166551756,0.20258457206903968,11.951592,3.6192625,9.716639194155153,-3.6764207034968375,-0.2967953272941342,0.03457693410496782,0.3350797,4.079359,0.9032610409327004,-9.540201885814358,-0.12855186450956768,0.0426268704048016,-1.1678293,13.705593,-6.0012612445168045,4.543271108131089
51,51,image,0.24079783591191412,0.01596554148452464,12.074455,4.339078,7.377212372230524,1.407194618666948,0.19056843886951594,0.033164711811011,10.7437725,2.1039402,-0.3344629546080082,-2.0382420520854767,-0.1321697796999695,-0.012321988836676174,-0.6321458,2.8427515,12.501587293241807,-3.0884742180424114,0.014119985429262428,0.0013711410629912598,-2.3494403,12.739899,3.8708851757131915,8.876279589098573
52,52,image,0.16232814675283427,0.18675858794847164,11.545894,2.2418687,-13.931901941583831,-4.858243875643295,0.09825376289093675,0.24319904734336797,9.392474,2.7152643,-10.730085942280859,3.4146252904617693,-0.17242445048430236,0.0803233651761822,-1.8797942,4.004793,-13.954517642947883,-4.625540171233706,-0.0384553504717363,0.12790015021231022,-1.103017,11.35828,-8.629313578722464,-13.330133593501312
53,53,image,0.11213453122620343,-0.07102260959397065,13.760173,4.047077,10.764427990103275,-1.8320235351579723,0.09207211320543211,-0.19953366203585243,11.8415,2.5923698,11.695934679530804,2.715464807190954,-0.07594953954159274,-0.12758401309654985,0.8771641,3.152465,-0.2854478363770018,15.317658510451468,0.0820553322050702,-0.09933758571244154,-2.701826,10.847657,1.7705420127472709,-6.942244910971112
54,54,image,-0.04447677229234409,0.22417432171646962,11.894164,4.2074037,8.015523324513389,0.9020399983653774,-0.13496219599431425,0.04236720861223056,10.915027,1.7437079,-1.2218872446434088,-0.9356268022787952,-0.18225131976826586,-0.059534598634058,-0.6084136,2.7344673,12.520431681545695,-3.0462394468454117,0.0302420396878608,-0.03699409921794057,-2.5492973,12.664425,3.836979230924519,8.852734543270333
55,55,image,0.20031890906700361,0.2324316138591217,11.975984,1.0369716,-6.045841053612697,5.824934056909704,0.11707356190158055,0.3737697934762114,9.525649,1.3454593,-4.370091984899771,-8.83436360139902,0.0023261722985640455,-0.11050290048618981,-2.87835,2.4703941,4.761786655669954,6.177562072910479,0.1470722186122327,-0.05072427721015529,-3.4182947,12.106804,0.04753271875314117,0.23706504535728673
56,56,image,-0.227470576355203,0.1048114812509835,16.256435,2.1190765,9.609065951679925,-6.547205849715632,-0.28105991572697153,-0.3669448445629872,13.209917,0.14092052,0.9219357722739648,5.624443139025939,-0.1639610427652952,0.15840114250644025,-0.6403331,4.2753835,-4.1509006316578985,-10.268347352706083,-0.07021798288962337,0.13264119070536054,-0.33645532,12.867243,-11.110318350621375,-5.8748750192990435
57,57,image,0.42173677817902794,0.20179496566605984,10.914815,2.1049187,-10.814519173294475,-3.132950803452152,0.3309384781878901,0.16963944824008687,9.152397,3.198033,0.902178722204846,-11.072715096738142,-0.16112592536122308,0.1678689045453537,0.38772702,1.355516,4.155190015966329,-13.02343310971804,-0.12131667856909717,0.08596046079119449,-2.083302,14.237721,2.7692156229320726,16.92414477395084
58,58,image,0.41893140625306785,-0.06458227938921006,13.247571,4.4534426,-4.478181057597882,-0.2907780289220798,0.3843657733673947,0.10814628313748154,11.635888,3.5683503,7.785739340345067,-4.749770969279414,-0.05577869668234007,0.11670280042476976,0.12909952,4.6248407,-0.06956159211710149,-6.335148691298309,0.04151042578583115,0.17344796399410273,-0.8525946,13.381855,-6.353613873205037,-2.882179379762154
59,59,image,0.0073673540262247945,0.05564977649333188,12.662352,2.423417,10.611576303973626,3.416977266122351,-0.03656259579715738,-0.10232246408161005,11.787951,1.407752,-0.5807907446167835,1.0027256166929406,-0.15448018792858398,-0.017511289957386718,-1.5257142,2.131285,11.28496387453939,2.380791923523957,-0.016337603499692537,-0.046111970209411324,-3.8741944,12.27853,5.8373124515033785,-1.5983523114591867
60,60,image,0.2875158478944182,0.004205718904877864,11.823463,1.6592394,-5.862891549817423,3.6515091847290897,0.2438317235795235,0.12279086204849386,9.654133,1.5877783,-1.0244116443976468,-7.416121712628309,-0.1751057854143829,0.04014354898568463,-2.5126283,1.0822216,-5.600155268345794,8.813961057111962,-0.0620508452142239,0.03602166869855488,-3.2101336,13.388277,-12.010899504097955,4.136591945259494
61,61,image,0.4164008832003874,0.0064121360112229025,11.476965,1.2645092,-8.602066973134995,5.011869865758584,0.3729468594197863,0.1555156805421825,9.328218,1.8341224,-2.659980614181648,-9.501913636721365,-0.15755274381462628,-0.09057678233195746,-0.2816582,1.2234845,5.710163849799167,8.870027152840272,0.018010020472471255,-0.08877371807112318,-2.5987966,13.9623375,11.070159522052098,5.151820707452896
62,62,image,0.09363428633708595,0.3783875862243826,12.064108,1.5511862,-4.793542135895282,8.037524191517509,-0.026725555517449734,0.4001526410895435,10.249783,0.9998838,-7.774963546592336,-5.791407750914378,-0.19373461283807175,-0.10957960596083662,-1.7348139,1.3508354,-12.594182761086214,-1.4051152635301365,0.056799661877897936,-0.030356019788218825,-4.0652595,11.00109,4.183536348498893,3.172300033600399
63,63,image,-0.036259907326034804,-0.00022826170044271016,16.39364,2.1167853,10.827787670776168,-7.255872802925948,-0.060543969917743606,-0.19281112561254146,13.567782,0.023312587,2.8048915520137223,6.0525761286212765,-0.2125868184074197,0.08079532327957181,-0.64227337,4.6569004,5.732803878465181,-9.155674081088266,-0.13118377852886776,0.04070236287317622,-1.5950364,11.465319,-4.492851823825423,10.757639667008208
64,64,image,-0.06487380343730781,0.107657597901371,13.722669,4.0899754,10.091719271018203,-2.254980517885782,-0.12569767356898853,-0.24221534321305108,12.085785,2.7149868,10.94071292265543,3.7443039003852343,-0.044072126540757074,0.27490219892426554,-2.4091516,3.1818976,-1.708270415359293,-3.7959263238372656,0.037707631548429855,0.3746110659993304,-3.506489,11.295188,-2.4314237796196903,3.391222967093658
65,65,image,-0.019435629894726813,0.42721626789193273,12.811265,0.89722586,-0.595032673719469,8.345790600733492,-0.15781861987756837,0.2982967349551225,10.757581,-0.13238595,-10.1822793083457,-0.9975833833767644,-0.05707078630170946,-0.17532763459776812,-2.1836824,1.0518916,-14.37883427077109,0.48294100436042525,0.20886000211914513,-0.05051657513318897,-4.5252366,11.620397,5.221060581129431,1.1873526132264993
66,66,image,0.17983902766118867,0.04430816654280939,14.154848,2.657714,-4.200402039511579,1.2575515202640002,0.13747762367482552,-0.18687330688469328,12.435208,2.2045753,-6.2574564099150285,7.531399493321813,-0.09382238159521934,0.04100652693523451,-1.9539565,3.7722526,-9.31409594017218,6.588059385484031,0.013195213785002812,0.05001230689895396,-1.6305907,12.1778965,-10.716044731124333,0.48370817698794416
67,67,image,0.3832045117405838,0.20364065316019528,10.615291,2.1241946,-10.966108069064012,-2.517653890795442,0.29645771484255434,0.12689526343824664,8.746525,3.1017206,0.7266205202088827,-11.856973426571,-0.23305213393731275,0.23021671814436925,0.35016155,1.4264843,4.0882486408955225,-13.371268735056598,-0.17523524057447412,0.15679118036978595,-2.038529,14.298411,3.1013879265002875,17.17920503852066
68,68,image,0.0858572025214142,0.46317281951807765,12.258888,1.6248761,-3.792032253898058,9.191677319044317,-0.05427087116499352,0.4360334982462613,10.551893,0.95858055,-6.222591721545105,-4.208295112137303,-0.13972064876364879,-0.15817441138121408,-1.9882613,1.0766212,-13.545865257074004,-1.473679969821771,0.07761327069114084,-0.10204289148351538,-4.3210425,11.313816,5.200744881963859,2.966445567701144
69,69,image,0.48282329396600576,0.2829788781180488,11.282491,1.25009,-9.074945056720717,2.2214621952612226,0.3704375037777616,0.39414002036431534,9.061183,1.796434,-5.748748821776893,-10.200334314328726,-0.2567775206998289,0.00736214187351384,-0.6215204,0.88456005,9.798578291195614,11.111287872734755,-0.09751056022657383,-0.05109431666881457,-2.118296,13.5307865,-0.724789019589103,-10.255006689312644
70,70,image,0.2866668924574245,0.0615872570804816,15.942559,3.9489744,6.038502479318048,-7.714165286425681,0.22004782967682335,-0.3082174346421763,13.983768,1.07587,4.7047259889724,8.00831012704212,-0.108293908068772,0.17192662640240705,-1.3505251,3.5541234,-9.124090010659046,10.377173883204575,-0.012878653402555734,0.18350562551622837,-0.24208242,12.021148,-11.076401609590048,-2.5175817084559955
71,71,image,0.07248292077054214,0.035217920116079396,12.458839,2.6967225,11.273319266374825,2.2285907234858966,0.02803005681492505,-0.14742239344737168,11.896392,1.4186358,1.0378065605299676,1.9253363281676104,-0.14329701277817744,0.0019008128664308212,-1.7302456,2.3185384,9.847645490178984,5.029010179738677,0.022707591862611905,0.07057653227627436,-3.712406,13.13899,7.940615654480311,-4.506114367069726
72,72,image,-0.06899074373355539,0.19256615463727927,16.198217,3.495179,6.449335574644454,-9.865218110034158,-0.14345003887426103,-0.27627581508463456,14.174374,1.1359688,2.5468823192273407,9.610567885825608,-0.12041548100085217,-0.039602212989736874,0.5346949,3.4471345,-3.3690570191962443,13.143942816738594,0.003070137531640936,-0.020945287701566086,-2.0642567,12.68835,7.955691650045401,-9.517187432053845
73,73,image,0.14551105903240544,-0.058657106635037135,11.808907,2.9610186,-9.11343747948311,-6.563123142839001,0.1329925192265353,-0.055210598805133425,9.783297,3.4768746,-14.327625890692612,1.401076462996655,-0.12428619174023021,0.06380125767796276,-1.2474277,3.7592282,-13.374148240475954,-6.286375342148909,-0.05367693425695974,0.0607229189663382,-0.31867287,11.706773,-5.954177227920281,-13.074265572980659
74,74,image,0.21045058023669921,0.2920552803095368,11.766147,1.3547597,-5.405684994759666,7.360238630207628,0.10413210033110493,0.24774552751256623,9.7450075,1.4917141,-8.097271319522045,-6.407899142166138,-0.12291605330049585,-0.17550429947332014,-0.5392786,0.76644474,5.175974497574462,11.179295882400757,0.05958279841426021,-0.12083652754676262,-3.524753,11.9546585,2.948533882585895,-4.847151318490879
75,75,image,0.2624029389104309,0.03013463051086514,12.15764,4.5043435,-7.089100062888691,-0.037278332815529155,0.20726601769683195,0.011540205775290956,10.83904,1.9913881,0.7278836756749855,-2.0576679126665525,-0.25655097566680496,-0.31912327265688745,1.2179209,3.3302033,4.418833861921709,14.421778413400926,-0.0762052691923871,-0.39756568620080757,-0.98989636,14.422632,5.883230773516547,6.877269288285035
76,76,image,0.016201551577376683,0.20273068659303145,12.870046,5.2179074,4.6127740725939805,12.381342381272368,-0.07305874144131583,-0.05725164299472662,13.222113,3.2091985,8.139636926889736,5.720785332848715,-0.12443616980172262,0.09427702726342177,0.33278275,4.392491,0.5104909140860259,-7.330173135481352,0.02085178841383983,0.14932326433565152,-0.9069497,13.314266,-6.926456299370761,-3.3744004816869446
77,77,image,0.3262947807231887,0.08578474604647231,11.65804,1.0238175,-7.572645901370707,5.7019944368898505,0.26409145964405467,0.2602717539940423,9.236445,1.3495653,-3.413645768973844,-8.184972607338848,-0.060817241877064096,-0.09188199754604606,-1.4391408,0.45575395,3.84112012166244,10.083360896680649,0.10982250001774728,-0.06248973752555994,-3.1824903,14.099797,11.764903187978918,2.5656622154444166
78,78,image,-0.09283947530867917,0.4164452655434653,12.978638,0.7381953,-0.5834415708369302,8.300667520005996,-0.22626566257568162,0.24335737221702056,10.764045,-0.11228832,-10.154480843539764,-1.0855274326868094,-0.050442003145859726,-0.3028141607369831,-2.1221325,1.2281108,-14.35138756747868,0.5714295974939521,0.27594057314686615,-0.1679881699266165,-4.6195564,11.796263,4.950043576837669,0.9619417998720019
79,79,image,0.3613321279660186,-0.11036348000821518,11.255915,3.4740374,-12.964424767439475,5.036495446745188,0.34308633818172596,0.04247604653861441,8.372708,1.5221279,4.740815545432122,-12.62598370747559,-0.18681309477943778,0.032110485212107735,-0.85831666,1.2356474,-1.3839808769631294,-14.325551360363498,-0.03553237445281799,0.06743889480493462,-1.4408839,10.569302,0.565317938273354,-13.78130752892508
80,80,image,-0.1679752025430271,0.3926852663529385,12.726711,5.304756,4.912056673784164,12.02925460709275,-0.2975981225868962,-0.004122369792845196,13.123569,3.2625027,7.958364104172833,5.294646257329618,-0.24570877913492298,0.042590472164398104,0.40509427,4.3630643,0.5745181432559157,-7.746307146084429,-0.13366175693235519,-0.00898269420010445,-0.6538177,13.469634,-7.9212642732464555,-3.4921679634747806
81,81,image,-0.059462088318993134,0.05719361721820583,15.825404,3.3064785,4.79058167235038,-10.95646985629349,-0.10133348470108752,-0.3450195396012296,14.005376,1.7300773,1.5191628612165229,11.440462819643697,-0.07218731595121781,-0.1282462825223086,-0.78659797,2.3795302,4.048439481852246,-6.138644286726683,0.11883148448710576,-0.04447629574593267,-2.9414635,12.180473,11.257413923986528,-7.258375047000877
82,82,image,-0.04339132360189512,0.21992011504011016,12.308265,3.4841423,2.221114977423097,9.796841511936496,-0.12640575618507935,0.057896964673271885,10.89898,4.163441,6.409749087538542,-8.650211316060565,-0.12543862242708503,-0.12885767186004599,-1.7567166,2.6688015,-2.6164707756776573,9.662754588719434,0.04821847474455727,-0.08631068735716603,-3.0883074,12.893058,9.901867447954299,-3.859130686487626
83,83,image,0.47108141878141363,0.27848106341552376,11.186506,1.5548192,-9.039586218957796,4.695632699856868,0.3647662325405005,0.2737482592121551,9.283711,2.2406352,-2.330439099667648,-10.02475166499539,-0.1834825720715369,0.10171936870237311,0.027671212,1.6723347,6.287789172804176,8.212956042716627,-0.06847524414207416,0.10967968995689395,-2.2559247,14.02995,11.187067528955648,6.424652182185475
84,84,image,0.7011242382863034,0.030013374269237593,10.435688,2.3257294,-10.514001057805729,-1.0942230106717619,0.6419852344268744,0.0666438695883885,8.901821,3.1151667,0.08656372767505106,-13.39735447816975,-0.19557048091372867,0.006277787580936692,1.0000458,1.5306967,12.032193297565756,-7.829844237582506,-0.0678731389106452,-0.017996866458426557,-2.0950427,14.727482,2.3020668057701648,13.229746603811446
85,85,image,-0.0207555563054065,0.4150135567644851,12.099867,0.66221863,-7.963794161083578,8.185427807532031,-0.15897834009521916,0.24702216235976546,9.59365,0.55362904,-6.5988279743460145,-8.354557728368242,-0.09435816509447209,0.11770392853810244,-1.4245377,0.8329417,-6.835694782100884,-12.461407328981142,-0.0009595746225593106,0.07641833629176606,-4.1595464,13.761065,13.699128453251502,0.25058293493150874
86,86,image,-0.018004939865730235,0.4197742469339072,12.163653,0.6262072,-8.013604051685762,8.41105718774562,-0.15118505165671559,0.22438634899048832,9.505796,0.62755895,-6.844981888035316,-8.495162884461493,-0.20374940176827072,0.018497427712357444,-1.590329,0.60023254,-7.009714855510498,-12.279781119784532,-0.05509258191406048,-0.04826725389675373,-3.9809399,14.010235,13.687185525157542,0.5207728810492548
87,87,image,0.12103401676302514,0.23993381211233875,14.967256,3.7422,9.954626472659523,8.29080779979185,0.025102450567734715,-0.1313391927042689,13.175088,1.7533251,-3.511467643245739,10.781308937307427,-0.2559993923055948,0.16153009550686634,-1.1951157,3.1971986,-2.607327032710836,-8.14631041991293,-0.13207032126779922,0.1520990598511861,-0.68535113,12.402582,-9.936600164975543,-8.73220806618421
88,88,image,-0.1006378736306919,0.25136659133855077,16.173063,1.9648832,10.576413623514629,-5.987336070095464,-0.19392799713969489,-0.12228232244099277,13.561301,-0.05158105,1.9895926098109131,5.309345055822665,-0.2557810873963946,0.05267274244774691,-0.08480898,4.5150065,7.412413811042805,-6.440206693109345,-0.08725629715072926,0.0467438844318319,-1.9798626,11.081657,-2.3280015523942614,8.401707355121268
89,89,image,-0.2727910607381806,0.23064565074505636,11.923583,4.1753974,8.352814136375601,0.35648747584957546,-0.35517747110948983,-0.06513736203094325,11.890546,0.71518385,-2.0289974956845023,0.08439097090077596,-0.14823223604639207,0.10897933981898288,-0.976486,1.8477284,9.622134949566995,7.911261339591955,-0.007613356726725352,0.09839586737535129,-4.289246,12.584112,3.5238030338388397,-6.645393139048651
90,90,image,-0.21494055719502284,0.1474668874746606,13.637402,4.1213007,10.71618622045039,-1.7048019953405358,-0.26143174496011246,-0.011643315796632771,11.925793,2.5177345,11.618269753981409,2.705727751158405,-0.07997528156224575,-0.057880897396115516,-2.5628114,3.4854167,-7.249485502356048,4.974690811150802,0.0411849108848719,-0.04614411884870497,-3.1863914,11.514678,-3.522501635620959,1.8961331581128484
91,91,image,-0.17472075525281835,0.28991466480243117,11.938603,4.1210995,8.57053920306874,0.27370655474800276,-0.28212328066886216,0.004530904138866457,11.730005,0.7930206,-2.2885457653751566,-0.27690093306601465,-0.1312659329207342,-0.2047867600751352,-1.515797,2.624802,9.013690938655722,1.4073548235192443,0.04549691974919156,-0.19099282721533603,-3.239423,12.1171665,4.963479876047588,-3.097686127288329
92,92,image,-0.0036508323955008505,0.008686588940512241,12.390337,3.4722445,2.113697610723562,9.81914648694368,-0.03609889155816571,-0.12069598304086583,10.920301,4.1355357,6.145731750286091,-8.309592378523766,-0.14212278543780774,0.1215063691173769,-2.0171053,3.2909064,-5.779472872498228,8.450188374214317,-0.018067665868976797,0.14338559740693427,-2.9867465,13.218084,-12.133556096348004,3.821042057826927
93,93,image,0.17160459713171858,0.2823019267875296,11.813475,1.3184502,-5.911964474475714,4.0744130156220955,0.06899343581016201,0.27290019918352093,9.617307,1.3056488,-1.482518174578762,-7.236401142049887,-0.13136775043888846,-0.0808089121013432,-2.6463072,0.92589855,-4.901662013919661,9.705465846219445,0.07807855910669681,0.012104913876375559,-3.3051434,13.375391,12.3860952867342,-3.4543064068102147
94,94,image,0.4636617933485287,-0.07721851751340977,12.121304,4.6039414,-7.349166292096262,-0.5711187771555118,0.42510371501895694,-0.10859936204520038,10.495554,2.3028343,0.7866158528712631,-2.735324449008355,-0.07632723606624864,-0.32731377497428665,1.3015991,3.317568,3.1896857155383826,14.988327740035752,0.10739058862998177,-0.2917315785051719,-1.0450929,14.451099,7.299957860249275,6.939337279950707
95,95,image,0.15186173837893688,0.07402859531537863,16.020441,3.9263325,6.220454988081542,-7.887354391857534,0.09174865100431485,-0.1335500515570865,14.036971,1.037643,4.776900412109263,8.421793488972044,-0.10727576725885217,0.10735524848094855,-1.0825387,3.405063,-9.117092211894482,10.392880420025953,0.005485838532705291,0.13191278877249601,-0.22038855,11.875617,-10.966326668773764,-2.3477687301355545
96,96,image,0.1361309932712463,0.0742258527537691,13.164365,4.978711,5.696506492327609,4.052615736672925,0.0814111164447479,-0.06403254961671886,12.213618,3.4789102,9.77087386686639,-5.5784345408396,-0.33815428432745936,0.1223287717608763,0.24131621,4.1728773,0.37116752938738423,-9.463616306347905,-0.1976369341039532,0.11755611367409566,-0.86005217,13.523715,-6.110529100804443,4.38616454760299
97,97,image,-0.08428850746559295,-0.05010660316749466,16.076479,2.4502797,8.438148861257524,-5.998217433915628,-0.09263799118303045,-0.29133075648931755,13.172243,0.19382484,-0.18279594572572191,6.874800444569851,-0.11032559618521542,0.19686465058192792,-0.6363685,4.374924,-1.6724822535834343,-10.052596772215127,-0.11628247865839773,0.10194279689444498,-0.87194276,12.427561,-8.45207834996607,-6.679222181499036
98,98,image,0.26654758985486254,0.040249709098520256,14.063828,5.453665,7.349928435432358,8.198578104079882,0.20828184933001445,-0.181359118113233,12.28743,4.176734,9.715530493376244,0.12415806350443023,-0.2545535714309373,0.03854228025133156,-0.4747515,1.4473449,9.804772037072294,10.225606493217203,-0.17613660575779863,-0.09632444567713495,-1.8144156,13.317645,-1.576262960372867,-9.726257605106856
99,99,image,-0.05809511123123485,0.3872120339164497,12.012831,0.7060986,-7.820885501811893,7.522187298257229,-0.18198864919947413,0.3266817749896067,9.394672,0.74245936,-5.745809193494165,-7.8961126260418775,-0.16991049975201647,-0.06347127209745443,-1.5874176,0.51179874,-7.412430842499831,-11.891835523381003,0.017407462900745085,-0.09995974690123309,-3.760153,14.043933,13.138572941091859,1.2369342711834368
100,0,text,0.08034241871535217,-0.2637960196370839,14.946771,3.9392884,-2.445202361875841,-8.022566352397284,0.18635348227932924,-0.32134913837645257,13.704882,2.2762916,5.530633809733785,11.113813051877493,-0.15977451868626494,0.2831577477416197,-1.7634875,3.403193,-2.7880917709371134,-6.3161329575860155,-0.4657965893473662,0.03722759385290491,-0.77202654,12.834203,-11.37893316296619,-9.531807963461143
101,1,text,-0.3494910650120003,-0.09955911768079659,15.053912,2.788044,1.603816641989987,-6.860486036018124,-0.296242641394589,-0.33965698054554233,13.449628,1.3600638,0.5063278218866005,8.771175232050217,-0.07853730145940767,0.2584820488571242,-1.8673912,3.6629293,-3.92457762399665,-3.878117002552941,-0.37098467018225384,0.07585370187930911,-0.88003427,12.733812,-13.513688112003999,1.122266689950919
102,2,text,-0.07907867348124249,-0.33123057113592463,15.13524,1.9865726,4.309776615342186,-5.344657518069645,0.04274739458294452,-0.25386670702404757,12.659653,0.5742385,1.2765329491060742,3.090243924706353,0.08425879859574674,0.24019509252155533,-3.2396994,3.3520277,1.4005394713238601,-3.5250163600336886,-0.10671602281207306,0.26351742227723884,-1.3275527,11.401557,-7.232446477062002,-8.571941369962023
103,3,text,0.013845337422679333,-0.37284915974837024,14.065859,3.4581742,-0.24697489587810734,-5.748681279694221,0.14976411719922625,-0.3596960113303392,12.0853615,2.7579312,10.505958407200646,3.7291996028597225,0.014764635890975384,0.36904569527697195,-2.3157885,3.946846,-3.3343917369063747,-3.644565259738408,-0.29213411007822204,0.2731689825664151,-0.9309273,12.64742,-13.766121159287108,0.7508232980324333
104,4,text,0.662470062488006,0.06575558067569445,10.317939,2.1472726,-11.254615894108698,-0.5951374793627628,0.6594594033068021,0.26099931607165555,8.66568,2.904143,-0.9693112693607943,-13.294672984106889,-0.14528179804615127,-0.045839031565861325,0.93309075,1.4067682,12.935242515538992,-7.549723233914728,-0.2637517643149816,-0.183939614099076,-2.028704,14.78911,1.5521925871057716,14.05954405180273
105,5,text,0.3407726751795238,-0.02887167729070346,10.201013,1.8380991,-13.661824870334264,0.47651179139282657,0.3784146619616796,0.05422169322814774,8.525874,2.4396656,-3.773735526367659,-14.123287227660246,-0.0770841859168968,-0.1517527725087069,0.8117435,1.9925401,10.555933256979223,-11.114518969643617,-0.17374086776468012,-0.22359191154540786,-2.2229319,13.648221,6.692131979048196,13.641825660782505
106,6,text,-0.3571835163803526,-0.2209292593829144,14.7150755,2.2086823,0.9572719792269262,-3.61497619203611,-0.28202130542112364,-0.1501289035982113,12.7733,1.4995465,-1.5038173812500222,8.351329326275955,0.31869345043475905,0.14262944858386778,-3.037348,3.9882329,-0.7386917193540107,-1.6186101212919175,0.03206430333290824,0.12202743556538866,-1.3496958,12.262797,-5.87191999707374,-5.7152028275665225
107,7,text,-0.4030660136282443,0.1256435141141769,13.986426,1.1360348,2.913519779618398,2.7001559207345758,-0.4041551303648138,0.2430687017044884,11.56599,0.5063211,-7.1080268832637,-1.3992107739264077,0.07831908874059984,-0.01403329954941023,-1.977695,2.6735256,5.674233333600394,-1.7380001367071516,0.007734428466624206,0.04290212380663902,-3.824195,11.680427,-9.034593003788714,5.031165957416503
108,8,text,-0.10284442589115854,-0.3832690012042684,13.756384,3.2784884,-1.2587556694176305,-1.0919880755695466,0.04315209201739681,-0.01585687062773087,11.236044,2.7022276,3.4558251144735768,-1.9104372033751582,0.17167779845302575,0.06197194721817421,-3.0886176,2.9785686,-4.509311039485593,4.588710162366891,0.005570165953898497,0.07759687407878038,-3.0247157,10.9360075,-2.9244251090496647,-1.8163221630491408
109,9,text,-0.42518861630545024,-0.005276755541904466,13.300837,0.8130737,0.8807975083588307,4.894572606122732,-0.4052051996478074,0.38893587368340915,10.4157715,-0.12520157,-9.84921822678537,-2.8604370109892807,0.3104511227783195,-0.01306029792109353,-3.0236766,3.3188741,-3.8779761426782757,2.8196228949730457,0.2545865278174243,0.13341033088445609,-2.8926845,10.371933,-2.3174945944684837,0.2781444013693057
110,10,text,-0.2988669840163058,-0.2983856207241545,14.949364,2.592742,1.0597379163913492,-5.687936873098358,-0.19919426930966994,-0.2897303328778864,13.317082,1.0482045,0.7673844218655351,8.186594307039341,0.03274324320066854,-0.09208992732007001,-3.8718638,2.7129455,5.121686749112529,0.3690500061491831,-0.0630049945588492,-0.08760462223495703,-2.893634,11.745448,4.359608076979891,-10.266247513532797
111,11,text,-0.2657016333485947,-0.04980356380340598,13.281233,2.8004882,1.4646176836002263,0.8054641423940823,-0.22491068276495013,0.2535837394585362,11.008752,1.5141213,-0.6516162992418192,-3.9128404253132048,0.15231082971925572,-0.16070298185137954,-2.0708785,2.394623,7.934549600626698,0.09484225947161934,0.04998077345523107,-0.17105790719629835,-3.3517718,12.330288,2.7324864821677743,5.336491005141114
112,12,text,-0.21854371694342786,-0.1681511797798275,15.044275,2.6876836,2.311636487821008,-5.264199155433331,-0.14963355916038987,-0.3316373260841029,13.152701,1.607079,-2.596419857035762,9.065915734624895,0.29982997672206513,0.27421281296624117,-2.737089,3.6821022,-2.3911596751185034,-0.30368098315380687,-0.04193688439098454,0.21629431547083688,-1.3223712,12.667263,-4.048182615210128,-3.985860163118902
113,13,text,-0.2553039281150819,-0.34521196275945937,15.28505,1.7203474,5.778786641378245,-2.89018764512966,-0.1446082631199637,-0.370614421273527,13.687918,0.96048343,2.4235922452404646,8.033474272769762,0.20813422334189646,0.18670041618444866,-2.9249709,4.1264772,0.9396009032669272,-3.7509374175135592,-0.024396791700639693,0.20208106487522368,-1.2395197,11.680101,-6.681003344205794,-8.859613973608205
114,14,text,-0.11070213900250474,-0.29149686941598923,13.390979,3.359655,0.4160441263093634,-0.8578474071055582,0.009111889849594369,0.00492282738462742,11.369402,3.5467222,6.539948460497735,-5.704832128812924,0.11788957834872894,0.010578375626626921,-3.3428602,1.4480215,-2.8109851259600362,5.038793784893421,-0.12452674281069494,-0.14006364019402281,-0.4363435,13.711894,-9.0809489370894,-4.48378510226766
115,15,text,-0.12771164281996308,-0.3465549084964749,15.229366,2.1952858,3.269135179704782,-5.177391033277814,-0.009261753856405663,-0.4505618777321945,12.968873,0.8594541,0.6877068126217846,3.9658386580242744,0.2660589301941194,0.22058943082218044,-2.3310087,4.479931,-5.944431596830653,0.9003097774721056,0.04101082170517211,0.26634245148964864,-1.141601,10.936527,-7.856664489015153,1.3261494994785858
116,16,text,0.0020866128527706313,0.08941373761228111,12.6342,1.3715767,-3.061733252121443,5.474737169111479,0.02602449902085597,0.38007154341673993,10.088512,1.4381672,-7.788454118317009,-3.388186110314499,0.2173901652744748,-0.1490982451174848,-3.6190932,2.0426662,2.5172170802269465,5.534351040914764,0.14996220949401284,-0.08740839086608118,-4.0505185,13.000858,6.899631318778378,-3.3636928040652068
117,17,text,-0.02806102768618472,-0.27253246900235656,15.009942,1.3366784,4.200062958418707,-0.031923553181321486,0.07564225242927719,-0.05135476651864457,11.251035,1.7348673,1.3884042648035833,-0.30561490268784597,0.16506284814722189,0.0057551084457968865,-3.6377153,3.082871,1.6572851165390072,7.690777722018405,0.10717654544312488,0.09147563662036468,-2.4813275,11.268949,0.3636612697730245,-7.145176761981832
118,18,text,-0.471297198492862,-0.02313892573958196,13.812091,1.4000565,0.23986385474295138,3.4790554699196106,-0.4471122995050689,0.31005396150968595,10.973642,0.19361159,-4.581728312573734,-1.3120534478845105,0.34484241942424454,0.023372436112641604,-2.7652063,3.0088835,2.6310570582318484,-1.082246778061022,0.2554545677909365,0.17538662448462644,-3.393549,11.474825,1.6031280418657854,1.6090703751390878
119,19,text,-0.08343616939446412,0.04046026081474128,14.839651,0.4244506,0.2989173705739765,-13.31681946438387,-0.050636828164884636,0.11525832725221288,12.389355,-0.6335563,-3.762768963752907,15.392119352472072,-0.12025346449094734,0.10372301515773065,-0.9667162,3.5340211,-10.019200722039859,-4.597681612033039,-0.2671548691103929,-0.0015665205805897432,0.11859316,11.906372,-2.845929735141826,14.775396341195238
120,20,text,0.2486579648883968,-0.3622356777303901,13.995675,3.6698785,-5.445230878237556,-4.786906261130452,0.38814815704311895,-0.34933167633640094,10.653647,3.3040762,5.993739393993173,-1.5854733684461528,0.4107943814251402,-0.08929993066535738,-3.3287902,2.8416498,0.30132470339830447,1.6399624424976138,0.3083726514559286,-0.008555312252229226,-2.8874404,12.083272,0.09408008998285947,-2.2359664180851904
121,21,text,-0.19786373557672124,0.024114843201903755,13.941469,1.4368311,0.5606956927650972,-9.512208196257975,-0.1669180856212745,0.19210458076169065,10.976608,0.23354244,-7.4006783922811445,0.8984869899262699,-0.08490264497117218,0.00576412837127562,-2.7791004,1.5290303,-8.135919065471592,-9.907274823876014,-0.18473466104939534,-0.06865692550085759,-4.0200114,14.105219,14.973047133885864,2.000899084866471
122,22,text,-0.11516016886284505,-0.3094816036549676,13.876855,3.4918644,-0.3838802087271553,-2.0823142863427124,-0.0011614898548145715,-0.3331553402859624,11.16695,3.3504412,6.0304055019084535,-3.1853430673431213,0.3076999567100966,0.11261990816878241,-3.4367194,2.831975,-2.068205653172853,2.6059128284217814,0.12673633587806715,0.18057211413904356,-3.43034,10.623959,-0.8801065863810612,-0.9455695759652673
123,23,text,-0.12708225997525008,-0.17981918592491614,13.4483795,3.1003487,0.5031536699755746,1.0412818615330093,-0.04562237615718613,0.13893457320285524,11.320997,2.461166,4.517239515172313,-4.362361214290573,0.226467519898308,-0.025964683545164593,-2.9376218,1.4303597,-1.3133005862086167,7.219957218068056,0.10874684802219714,-0.027883583995273502,-3.734729,13.590849,10.007605474194534,-1.1181119999769698
124,24,text,-0.06944163019575827,-0.45616680896979944,14.35143,2.724012,-1.3713881883602794,-4.2884960722034355,0.09840143223028178,-0.1837132064750524,12.621906,2.4478493,-5.04639135582685,6.3828391035408,0.40117041412884524,-0.09022562624790223,-2.977334,1.9385102,0.6026502717821538,3.988351417880048,0.33619059376065025,-0.008255473936361862,-4.747024,12.051841,3.6381989005587907,0.33008292101922104
125,25,text,-0.34851959015258926,-0.2992179362563552,15.300489,1.929818,4.008121401591878,-4.045344900501655,-0.25713328377625133,-0.3158445054145454,12.819431,0.43899938,-0.3423618808212424,4.755220265192854,0.35340355084966146,-0.07159816636054916,-3.11312,2.5458348,0.28934725327757005,1.124711128408977,0.1932395863128906,-0.02665004825616683,-2.7526977,12.045855,0.5778682377113106,-2.767366888484626
126,26,text,0.21769358478786416,-0.4441595608932929,14.219959,3.8205168,-4.0871675207335665,-4.457053846023863,0.38008992718336954,-0.2522141575907401,11.01115,2.4364522,2.2612810410454642,-2.069166768643941,-0.23672178867357016,-0.21582493905698494,1.2344822,3.4022033,3.213305964783741,15.499804449996866,-0.29293824948073155,-0.32487566467433354,-0.8383081,14.363691,7.208237945135692,7.9284788923868215
127,27,text,-0.2626447264961478,-0.13597364340150048,14.2191725,1.1600362,3.3243828179782544,1.4986689675663432,-0.19540896864954377,0.0078056702462454474,11.375671,1.1134316,-6.24948151982244,-0.9973261881622759,0.4034749427905047,-0.16667319834214256,-2.8943841,2.1364017,2.198127193374016,3.7619893882341513,0.34831879094720275,-0.08684448883446966,-4.3766336,12.083213,2.301087829539888,-0.07038210837306634
128,28,text,0.20411996261688026,-0.1576060395500156,14.885605,3.9891949,-3.1916719262549567,-8.167667466873043,0.2725764003978575,-0.2475670011552628,13.887341,2.3508854,6.22806870725698,10.71544532870664,0.11132993746547538,0.3075768943517099,-2.756473,4.430817,-0.1651847273849107,-3.923926303661085,-0.13094910722292577,0.27373527051268326,-0.25978372,12.426562,-11.396695794571075,-3.8939170385880044
129,29,text,-0.3307827738374801,0.08925366686129942,14.807429,0.27490407,0.6325076192195069,-13.415777639353456,-0.31597538987686136,0.10888608479244792,12.514555,-0.5012005,-3.3107814441488266,15.279111668635453,0.007150761812002814,0.009818220106468226,-0.9169038,3.6048346,-10.01218903144121,-4.778560136994573,-0.15911296427694124,-0.0653373348454246,-0.016395586,11.566373,-2.8973564678492867,14.697316033538744
130,30,text,-0.2968278945403698,0.09103623640603714,14.900718,2.6739342,2.8596941519022336,-6.790575357162174,-0.282817809401828,-0.22257403175791088,13.139754,1.9444631,-5.161552543791806,8.601836666843095,0.24800188834353626,-0.04125342791498786,-1.8835367,2.825359,3.868638622072952,-0.3696470907683868,0.14129928765145952,0.009906495318393018,-2.8712862,11.878752,1.4345647563644277,3.029260519548391
131,31,text,0.38209021118739334,-0.39301400200308545,14.254788,3.9978468,-4.544212641491827,-5.350475742232592,0.5190937682464052,-0.312538024194409,10.733825,3.040384,5.927076663981111,0.1947152825178826,0.011201671452336292,-0.1501367921632678,1.3343279,2.7313666,1.3957854054529866,12.079140035308717,-0.07443135348676282,-0.20521764020176583,-1.3630015,14.749174,-7.353871131901695,13.589697060220288
132,32,text,-0.3757357046958213,-0.2811768765229957,14.742148,2.5158973,0.9990487378945335,-3.236063169238381,-0.28577320153368674,-0.30128971265981463,13.000002,2.0547519,-1.1158029038809685,8.812092115449335,0.13357112900093748,-0.09272069953712017,-2.5500352,2.0663261,6.172487404792234,1.7169724253053238,-0.008411968445727088,-0.10553371998434483,-2.3522263,11.459074,-0.6120350821525722,5.1556157963984095
133,33,text,-0.12587968119331724,-0.23022446726151652,15.642108,1.8342866,6.4916964826406796,-4.038451208885329,-0.03716937778574076,-0.3462048162383829,13.958342,0.5550377,3.8229025260133604,7.300797793322233,0.4013825701370666,-0.07459488010679707,-3.1159074,1.5633227,-0.5201245511335589,5.016164043054527,0.27941990513583803,-0.020530648765136987,-3.3289633,13.581348,7.748717907707437,0.3895710986393517
134,34,text,-0.17574720203652985,-0.20409691110879266,14.227796,2.7957528,0.5673613995000623,-2.0694057540894017,-0.08360078256341091,-0.08469711947838936,11.548637,4.014814,7.976185120950882,-2.4455981361620243,-0.12084863789087197,-0.03943561754938373,-0.49007958,3.9286618,-6.09640996350428,-8.574031662461081,-0.2035960611112514,-0.12307002878418494,-0.11971209,12.158503,-7.14698312519289,8.350862124777134
135,35,text,-0.1796965024745209,-0.25012012595826,14.918661,1.2214315,3.199485822343235,0.026229623937730574,-0.08156974472354343,0.09436085585857215,11.113803,1.6883748,0.8436266235746082,-0.873926182455776,0.04075678897604612,-0.15778971682825244,-1.612695,2.139077,8.002328071921793,3.687189540562877,-0.04563605441540794,-0.18773938906555696,-3.9073703,12.703856,6.876277022845419,-6.256479378555254
136,36,text,-0.08904547840277621,-0.161365426683669,15.170422,3.8686283,-2.019413618175363,-8.599954201918365,-0.015551367807206876,-0.2215910380934547,13.771659,2.101468,5.169655161068812,11.74133287907421,0.35165759692845555,0.049912917632872686,-3.1042807,2.8064926,-3.3434179845946144,1.7528379706607133,0.21948141417821845,0.15876629375301712,-2.9521217,10.180852,-2.5979393187691153,-0.44180930462273926
137,37,text,-0.44081600851871233,0.0915913417700097,13.389844,0.659937,1.3392173032700283,5.316214089144659,-0.4374550096675971,0.28993308455768446,10.513979,-0.35852087,-10.083106069438552,-3.4010195496565796,0.2006228794320384,-0.09857395902656128,-2.1464849,2.5585558,5.591445066003646,-1.7858962274225727,0.12418356601017878,-0.030337203701665625,-3.9288218,11.23932,-9.227755494708171,5.0995939177759695
138,38,text,0.22103723104509487,-0.0335831825311132,11.094947,3.3646944,-12.42702110382628,5.272857481924328,0.26884677034139715,0.34830448994125784,8.316481,1.4223903,4.382949286663567,-13.255768212373157,-0.2614451025599948,0.012144560574947658,-0.614193,1.3150907,-2.5700293497376197,-14.581907795397575,-0.32917793098578524,-0.07111200590193172,-1.7028356,10.737184,0.13560243307610867,-15.285290985560794
139,39,text,0.31763044019088793,-0.23261578286562873,12.641117,3.2032773,-5.558906575631677,1.8495114618334123,0.40517839445962867,-0.11623624019957525,10.016672,2.479425,0.9811672183430138,-7.899639021129206,0.07624795144432046,0.04077627356715904,-3.4346368,2.7353032,0.15488546367232386,-0.2880814549103855,-0.1915521512321522,-0.14444454733234882,-1.6906385,12.810376,-1.420962570307001,-6.728441998895769
140,40,text,-0.14953041750395435,-0.29609446010767376,13.723558,2.9382293,-0.916186417610173,-0.24828369072153544,-0.03586420577162636,-0.03530699380528221,11.712934,2.3103504,4.472498426513252,-2.9918593619072014,-0.12825256040054234,-0.18513933861872894,-0.16435209,3.4959617,8.576230863583369,-0.356863219859393,-0.22880214823955905,-0.28781259814347804,-1.2049898,13.829554,2.7849386202922757,5.927869218913144
141,41,text,-0.07848895211378401,-0.4787919017490235,13.758159,2.1430936,-2.373026488649057,-1.9504561646018534,0.08507752546068545,-0.12871557926594554,10.362852,2.3413064,2.890942890367539,-0.1814798250303829,0.33092245947450744,-0.13748485676078048,-3.9592466,2.9090486,1.762017133944019,0.7653866389130841,0.2590714495445986,-0.0549382832695476,-3.1414533,11.636431,0.7199963429000827,-4.870865362646983
142,42,text,0.014839173073203782,-0.14050358275498842,13.641173,2.5656073,-1.2337933585675414,0.656019339662314,0.09264890243300478,0.14758558212720296,11.517184,2.0809834,3.3649268583732455,-3.496832536898517,0.14410670618403615,-0.18024191943316992,-2.3618639,1.6436033,5.46129907004041,4.016337167559604,-0.038259294405204,-0.33907315788159087,-1.7289706,13.936918,7.755984102044238,4.729261177588358
143,43,text,-0.09795806336072688,-0.5623187387384909,13.598123,3.1488502,-2.1644567679016795,-1.436238319093566,0.09202448617665546,-0.1442006361894071,11.161024,2.780129,3.8465597074599547,-1.1368065177410045,0.4115130461892637,0.09397975292805806,-3.5786283,3.0805507,-0.732817790962803,2.03999457893385,0.1894617944912862,0.14660676897363814,-2.1941166,12.253846,-1.0923878075221987,-2.952376524900075
144,44,text,-0.1293035572253503,-0.2453277849304928,14.807303,3.4326594,-1.3300162668423705,-7.090356143835785,-0.034888683391254456,-0.35068825742105797,13.489023,2.2480986,3.355071675086941,11.500797668211371,0.05993483822969925,0.28357055183280266,-2.061894,3.4061203,-3.269196715176044,-1.4287371972274465,-0.2170411562267933,0.2053749416940571,-1.241866,12.817198,-3.7005524814129696,-6.967505311849627
145,45,text,0.16568965703461602,-0.16496815857376215,11.711312,2.8153355,-9.851944321943611,-6.802075609135013,0.25545747344514935,0.10812954813799672,9.715759,3.5488107,-13.602213574762414,1.7593304291634662,-0.14384021716251408,-0.15721599874238876,0.04457501,2.7284184,-12.179815761250468,-9.962929436283812,-0.2667996735561002,-0.29558125757196363,0.2447145,12.74125,10.75270141628117,10.825213491983922
146,46,text,0.3699489054992385,0.06642801964252924,10.128611,1.7122281,-13.943989197444713,-0.3482378136438512,0.37962950988925015,0.15116895525770566,8.472137,2.4016535,-3.259833901285842,-14.862995599401122,-0.10147823829550086,-0.19597556317854037,0.54835933,2.4859698,8.337462939297886,-10.993716722718307,-0.14043399489816272,-0.24468182586714968,-2.4538999,12.979683,6.380399093649377,11.345621797756792
147,47,text,-0.4613404951055964,-0.18497573395935146,14.56413,1.4368774,3.7625675931738107,-1.595337070622075,-0.4108020482715697,0.023481393521925513,11.6630335,0.3409119,-1.6998054684922022,2.8519954102181297,0.13995948520078985,0.2175606720515551,-1.4831408,4.3667145,-4.72866292262593,-0.6996281438815349,-0.08614418559821263,0.21114421255733576,-0.41342172,11.122195,-7.311937861624855,-0.9998227489937297
148,48,text,-0.2986512482126773,0.05567631724004296,13.661452,1.279749,-1.3792301641673226,3.887832405361788,-0.28358539529523263,0.39809374817306764,10.570237,0.586812,-5.6809791325813395,-3.1198842601749552,0.5079456247691735,-0.16528682596144884,-3.489701,2.1773143,1.3755176742529547,2.858962142966023,0.4742570698405929,-0.03976822999280833,-3.992511,12.119118,2.8851687753625255,-2.0581573974812892
149,49,text,-0.3161661702549625,-0.13166202032817448,14.467123,2.2679431,-0.36834845957201945,-3.8718077655121252,-0.2518733663958348,-0.01921780554467523,13.187111,0.413722,-1.6553237526768618,6.94127734250943,0.2676772106786755,0.15776514603421252,-3.3115318,3.5548003,-4.629513303622382,1.5198205536737592,0.10042346168026124,0.2571635722831609,-2.430348,10.800743,-4.615677892194683,-1.59200815765844
150,50,text,-0.48506673753593077,-0.11443226150044757,14.636111,1.7538253,2.855355336456368,-2.175601338331188,-0.44352941505952703,-0.049326412692755464,12.235369,0.73438615,-2.3870877280569642,4.452759782613314,0.36445282158960135,0.04701188600227555,-3.6627936,3.4880695,1.5961053864296666,0.29186942575697644,0.21415733311596225,0.13542666082208674,-2.9363077,11.188652,0.4621061712259864,-5.021290194048985
151,51,text,-0.16636559568752998,-0.2776804536386509,14.621253,1.4160887,4.606875067099763,0.19234066775268338,-0.06199940718960239,0.007684869861644463,11.836387,1.4132451,1.1296269532360768,0.7594228947510462,0.28968503918247757,0.012431552439223198,-3.2899084,1.8953229,4.1360208726069505,3.251883889278913,0.11916455806609698,0.013535499506573656,-2.376749,11.943867,3.55519890443921,-2.8331227771404524
152,52,text,0.10528881790131601,0.2012489648046142,11.552286,2.199191,-13.947195525479342,-4.837576396905426,0.09691071605868036,0.2833214149930777,9.4342575,2.7519848,-10.689398848210619,3.412377120686897,-0.15240191553338783,0.15601730002458833,-1.7511172,4.0943723,-13.910335296437639,-4.889390237840915,-0.346355623172556,0.04024855053114908,-0.6875516,11.490549,-8.601129106549363,-13.3788308464496
153,53,text,-0.17418896547192575,-0.1976579918888089,13.2344,1.310936,-0.5937983889259537,2.638873130315778,-0.0914550347606378,0.26615164617174114,10.11777,0.3892419,-4.441622649911409,-5.3133510512371425,0.3183505834016653,0.21548910769842788,-3.0788221,3.1471095,-5.172848557992571,3.167749090537725,0.13208510887949443,0.31843320205520775,-2.8674119,10.875779,-4.686504829203981,-0.004205053792828195
154,54,text,-0.19285079194216725,-0.1462612929451746,13.368906,3.401739,0.6198736111589958,-0.29870416615990675,-0.11637669510672145,0.14326411367448944,11.46474,3.0961971,5.876378560457249,-5.411899748102946,0.22465233145873514,0.1830048164628997,-3.1958811,4.1395664,-0.2929081190003147,-1.9981280064257019,-0.0330832300088524,0.17352377675857983,-1.0196861,11.866047,-6.010657268000627,-6.319597171952891
155,55,text,-0.021350037476130613,-0.38629010426516514,13.874285,2.202976,-2.8650775173590906,-2.72642185025819,0.12019476793665716,-0.14892420597386666,9.981134,2.3569477,3.282329762993147,0.8245030110059095,0.3068652816745351,-0.2608291559638495,-3.0571249,1.3442293,-0.6380525642167745,6.560076367680383,0.2968809536585146,-0.1844703759016975,-3.4941292,13.616945,9.343277155496116,-0.42702639993367114
156,56,text,-0.4236053268995208,-0.04534598473031479,15.2432575,1.7167983,5.0380734309998445,-3.986841824426456,-0.38995019659664915,-0.13112193065875127,12.497988,0.6109851,-2.5598013180090335,1.5494534071937933,0.17077911858145742,-0.019479958186158816,-3.0975223,1.853987,-2.582463213085281,6.688343384715024,0.0734739164166562,-0.014143146860920233,-3.697151,13.5563545,11.187607459671767,-0.9211392040423577
157,57,text,0.2790890045460149,0.09301539696401619,11.681303,0.97385925,-7.204028277061449,5.7347143050620355,0.2880125287479873,0.33493850513073514,9.348943,1.4903039,-3.54086113634882,-8.65264601547594,-0.18490488284543138,-0.011180761027670271,-0.62490004,0.6262121,4.643459705011915,10.30504929693348,-0.27852650886439145,-0.11695375251871175,-3.0013933,14.294533,12.2750739362722,3.798045347658265
158,58,text,-0.3737685107191737,-0.20536453644934288,14.743081,2.2890308,1.8707456244386926,-4.4643822682545755,-0.3040530835678598,-0.16545806019020007,12.981284,1.2983364,-3.1271603600790887,8.111271014244121,0.4948178326369502,-0.1593593465981222,-3.5088139,2.0306814,0.8941733610359691,2.9173919677050657,0.4883828224961603,0.0053412961879982105,-3.9267201,12.038273,3.3816857884724976,-1.2748588354285595
159,59,text,-0.0670721255374869,-0.2904860791205021,13.554365,2.8545766,-1.1285622397517812,0.657647155014207,0.052316573630731236,0.03758287541627324,11.448864,2.180225,3.3865262834080405,-3.5033420477294572,-0.011440543349859722,0.19850158035847412,-1.8218049,4.677152,-7.893276293292196,-1.3248857658799906,-0.24034917384555257,0.10780243475625909,-0.7895843,11.578716,-6.6248922913471935,6.9350128470466315
160,60,text,0.0200275689999872,-0.07952545898331809,13.228063,1.757508,-2.3519125455803414,3.4540950628344844,0.08530326649248644,0.36032075680640197,10.378785,1.4334866,-3.505633757411981,-2.6548609889529633,0.003741327701328265,0.09103870737046758,-2.4364896,4.551816,-7.197358785724578,1.8159500177295662,-0.20987370441420003,0.01715674056452784,-0.93869704,10.865624,-9.282335504683337,10.375363327059123
161,61,text,0.017648297928110318,-0.2474074586037303,12.734213,1.4415431,-4.167092046654985,3.8773967806569916,0.1251154066250526,0.24139409229072603,9.395859,1.1234847,-3.0819565378677014,-6.998611462354918,0.38135176771359397,-0.023466906244599073,-3.449085,1.5592592,-0.5712624708465815,4.346578054791811,0.25187684823693784,0.022196518860378985,-3.0045211,13.478349,7.2871833962612405,1.1039195957601864
162,62,text,-0.6254077969710039,-0.17417317225600476,14.984875,1.660664,3.66822889729834,-2.7542273628052123,-0.5931871704066991,-0.15417912972021905,12.325414,0.23897661,-1.6706435279411926,4.277307083941929,0.4470202397547554,-0.14989167906960016,-3.8643262,2.4298644,1.9512678402477714,1.7842136981453247,0.380148467820664,-0.042975826401289274,-3.5612402,11.919184,2.0983849129592684,-3.089193311816822
163,63,text,0.0036673132514811182,-0.23634775706256592,14.136237,2.16754,-2.3416444974391157,-3.24675919346791,0.10050374361720259,-0.11784436131641472,9.891354,1.9773394,3.4735075209800037,1.5539161545539937,0.41101522597152024,-0.03380810434152964,-3.4896293,2.4905388,-1.7412302304908196,1.479089493004889,0.2292734930855387,-0.02777459044875475,-1.8636144,13.372011,-2.4216155815646654,-3.256967896665926
164,64,text,-0.15549054625207068,-0.21151636328660656,14.408045,3.1203403,-1.4937167045113426,-5.902482164863696,-0.06420153183035411,-0.16702992441611694,13.020819,2.8532817,6.128331167319308,3.9786993934178274,0.12652455132082724,0.39839826481425394,-1.5980442,4.54745,-6.061342036860456,-0.8914138622598594,-0.14068457608820753,0.403870378330367,-0.70913655,11.087338,-7.814722173313069,0.30334485445093734
165,65,text,-0.3146037222701372,0.21665322144614438,13.79404,0.9501261,2.531034858537426,2.822378468806659,-0.33274611480411226,0.39587218653954426,10.804527,0.65135354,-6.6972735202637885,-1.9224439661188322,0.2306703928429895,-0.09094508597518434,-2.645787,2.2477667,5.035065209755828,2.4562004773541197,0.059226968028318325,-0.14266581814921847,-2.6404567,11.508563,-0.09589656947924985,2.9617761785088406
166,66,text,0.009916258579504462,-0.05212593456516729,14.6349945,2.7684803,-2.7048099722297496,0.4904802934721012,0.0688464320276921,0.013082031756087792,12.544506,1.8059394,-7.01873322013697,9.318130736992055,-0.026610367792769322,-0.08855636954865807,-0.5315253,3.1549854,8.175094257607093,-2.1093668909236016,-0.17469777436276565,-0.22652420490347344,-2.6822264,13.065472,1.2907484992567613,7.275363790106812
167,67,text,0.5853243765987962,0.005635636905635176,10.455411,2.2231848,-11.573122264075192,-1.634175490057422,0.6104398682052004,0.232967782582751,8.713124,2.989847,-0.2516814756462756,-12.395263653165172,-0.0220334184729381,0.13186350240560382,0.2677584,1.2884886,4.0024717423061595,-14.230351762071834,-0.20668340636913238,0.0305724315533391,-1.9323826,14.408852,3.7977322763594477,17.68747641795802
168,68,text,-0.30791100689873596,-0.0755070176791335,13.574976,1.169583,-0.19647412830109418,3.3920178064063378,-0.2626550999647777,0.4756974272944268,10.537482,0.27237883,-4.663631721015324,-2.8152893815506053,0.41322667882216524,-0.028576201553695432,-2.4638238,2.7982104,2.995793481171617,-0.7254298871102455,0.35248732599669913,0.14083473038090255,-3.5452194,11.710988,1.6187823915927917,1.710238102766316
169,69,text,-0.16731879600084293,-0.11139580691014216,13.304888,1.4173695,0.5845522659519821,2.3074652086556036,-0.10634102822331219,0.3082339455933076,10.206368,0.3153295,-2.90710498243626,-4.880628113277941,0.3374912612073743,-0.09883428625969902,-3.180962,2.300047,2.4180853854790003,2.743544269543796,0.19526489224227186,-0.11617877065548109,-4.4298368,12.704781,1.4384360353613481,-1.1445780032586073
170,70,text,0.19390420552432514,-0.4443332394909194,12.806359,3.322607,-4.035015190749277,-2.4604575682378913,0.353590959428138,-0.25645761033349185,9.8993025,2.5151706,1.742200797590085,-7.769293644261595,0.3189036408324497,0.2698869234806007,-3.360376,3.9835362,-1.5684879892193495,-1.1911454711711102,0.0400686089137616,0.29628705980076303,-1.3276128,12.18714,-4.761157215555427,-5.2154620727789425
171,71,text,-0.287691684125063,-0.08992028455973994,15.041299,1.2568481,5.626719724557553,-1.7876518672085906,-0.24245802311989387,0.016360768308373217,12.123878,0.29409167,-3.7542881766121545,2.6883009543374916,-0.06151272409718147,0.15171698329096292,-0.10570146,4.7834907,6.7392414238949625,-7.084327216207454,-0.22908647159086915,0.050357834480266914,-1.9328676,11.177261,-2.9404018531757847,9.092659332959329
172,72,text,0.3352824512420611,-0.44640068075048694,13.231096,3.0290008,-5.685732510106753,-3.2853535007181893,0.5263708387281237,-0.10151803240832939,9.973778,2.9187531,1.1288062264171417,-5.995009684606102,0.14041731578459524,-0.15258956425927053,-3.7248003,1.5757056,-0.033080505226622585,8.138245160066635,0.05766513815349259,-0.1700364272930764,-2.8251288,13.872573,8.344321477887947,-1.679025637680656
173,73,text,0.511557752261944,-0.23331219141349654,11.602817,2.8313549,-9.23160377224848,-5.8019415081871575,0.6098497390518215,0.03303132823010652,9.610371,3.3502548,-13.887694494221668,0.6467854315794275,-0.2154506533327202,-0.15896149149766453,-0.040662263,2.6533039,-12.750090269041072,-9.102231447893118,-0.27684604347748454,-0.26628008269416686,0.31606892,12.680033,11.693978895663315,10.661738597864682
174,74,text,0.20513419624369214,-0.3792860679863303,13.619371,3.7353954,-5.948979748662933,-4.4591249169491105,0.34313941566116457,-0.3042880376673412,10.742117,3.112047,6.22312793543298,-1.3310003038059128,0.1754478503968962,-0.06112659156360745,-3.3385282,1.3204142,-1.9311880343794527,5.006621844849964,0.03865149898904598,-0.13927595769084056,-2.7587733,13.599271,7.162453840311173,2.749285521489079
175,75,text,0.04433354395318742,-0.36219920950625034,13.485552,1.983837,-2.6112203322963627,2.41661446268226,0.18955501451942358,-0.001077192830886348,10.404398,1.8526155,-1.815147316586141,-2.592444008960197,0.21434024752981137,-0.14171095804537434,-2.6498597,1.7534472,-1.7208054067400997,3.849767866876623,0.05954924186905751,-0.22379799791757757,-1.4115644,13.734298,6.703368174407119,4.44167320159908
176,76,text,-0.45500888171569037,-0.11334853664335927,14.302834,2.1466873,1.7220063107135677,-2.29798692300218,-0.4119916853452513,0.017127458469103435,12.2622,1.2380452,-3.4714684169945995,5.7391373419071465,0.22572671062026858,0.15614656652911205,-2.2245057,2.7402222,4.1863801608679445,-2.35968897663793,-0.007285736436065662,0.15831608400009395,-3.6021483,11.185146,-8.648959226497244,3.5506212442252876
177,77,text,0.42940252308293275,-0.5140447888377878,12.854491,3.763786,-5.521944428373983,-2.2163200185976977,0.6215193378798852,-0.040443436055739745,10.252774,2.7594516,1.6784678234060018,-5.4323020346507755,0.2800618395122292,0.10550829328830884,-3.5679946,2.6077251,-0.9561178916452844,0.9203722948820481,0.050306685377240014,0.07627468265506342,-1.9148293,12.969893,-1.6130260259739402,-5.268694875804317
178,78,text,-0.5097174107522584,0.022003139081182208,14.812539,1.813335,2.8424323006775025,-3.064649345007447,-0.5024888931688111,-0.07078549789191145,12.437835,0.09819423,-2.3190995439863173,5.472057019451155,0.2720137870174896,-0.03524622716208814,-2.9236746,3.2809982,-3.3955510500051256,2.9887111052220545,0.19899083557287836,0.10344242931181656,-3.091215,10.328889,-1.7134503495113655,0.6000655818789952
179,79,text,0.22931773347026038,-0.13787810308232526,11.136924,3.4500213,-12.639305758027342,4.8505284672379005,0.31292898276336983,0.20409632352990048,8.43007,1.6033193,4.303373920987408,-12.83145745378211,-0.034526702465261495,-0.03222998874967554,-0.7941279,1.230309,-2.442912024731725,-14.414614509023489,-0.10215390951576905,-0.04352638239775142,-1.506712,10.51353,0.22449231776260883,-14.958447423239505
180,80,text,0.31169152879056405,-0.3245559764600554,12.99911,3.980859,-5.317920799871063,-1.4764171884879793,0.4389550610875293,0.015179723936428722,11.258448,3.738358,3.0407868025993445,-6.454084840065297,0.14863419421458474,-0.1457762723676162,-2.7552888,0.907303,0.6237800138109916,6.294274584155526,0.09482659695737758,-0.1588132768774372,-3.1405895,13.76916,9.029810646824222,1.5916666121576455
181,81,text,-0.3686215231969987,-0.07349338788406111,13.505273,1.2342471,1.146065329789106,3.0680870525209336,-0.3263451144393883,0.26330819869900346,10.255494,0.070047155,-3.872079837851265,-4.051948746683444,0.28115080590675284,0.051229966983589635,-3.234054,3.4677725,-5.426583259983137,3.419717553836399,0.1724377789858861,0.15647041011185076,-2.7665937,10.664171,-4.3192135163728675,-0.2363721612363092
182,82,text,-0.04443874538744749,-0.05869342428342028,13.523586,2.0676394,-3.3588826865751042,2.1234939930235024,0.013270041458385354,-0.01979871860291398,10.54697,1.6317997,-7.111717969557274,6.728747967019143,0.1987774393491758,0.05859258938800227,-2.3529236,3.023001,1.2527709218985055,-1.7367427780395148,0.07309838775995915,0.1029412770989553,-3.4977956,11.783183,-1.793257618910318,3.3461262912290364
183,83,text,0.6354182914045107,-0.20281664971107732,10.706996,2.6178737,-8.231049872438675,-2.7301525744319304,0.701975941213376,-0.21185612466100975,9.203687,3.0351648,-1.2440543993988449,-11.487659775314327,-0.16058225206938992,-0.20260963186238617,1.3565767,2.5895042,1.126821031359293,12.872575996000245,-0.20928712770969815,-0.28744384225588926,-1.4220974,14.732912,-7.956568919939215,12.751051767719336
184,84,text,0.7261339425382155,-0.0070307497508009095,10.5341425,2.4044914,-11.20733113888333,-0.9639987950799795,0.7426002531144451,0.1864054231176499,8.605734,3.1014895,-0.762269548343308,-12.980454777056417,-0.19241298444206006,0.07812256478963117,0.7541477,1.3160298,13.09148804952658,-7.557398417337961,-0.37055561796818137,-0.08352276636849695,-1.9860961,14.730299,1.4876443372521675,14.300991923219813
185,85,text,-0.4725517892870475,0.00405647495396672,14.764652,1.1284028,4.221060388811059,-1.9471073478030922,-0.4625524676908837,0.1278217243809584,11.864323,-0.03881786,-2.3245213118272923,3.2741951158555977,-0.05094138602168889,-0.17870678908916,-3.9521613,2.3138068,3.3565362667869056,7.332933249861026,-0.031313709695770436,-0.15576197189384675,-3.4756353,13.055208,13.028230404606864,-4.512924316633364
186,86,text,-0.2670064428689885,0.022958412410816892,13.413841,0.6799783,0.8247573228635208,5.429998655585078,-0.23598188051816432,0.3676997253071471,10.3692875,-0.25090447,-10.150583466793222,-2.9916952843896776,0.1577913046025622,-0.05108470526965478,-3.9857194,2.4237435,3.208294403496719,0.9741387248962322,0.0606868697586009,0.006395839722865814,-2.950709,11.327189,1.3428206784352086,-12.006231376869753
187,87,text,-0.4042899834618537,-0.329785953661205,14.582055,2.3351738,0.6922677067092677,-4.7197874940758435,-0.30955672465298834,-0.025678565810704546,12.916905,1.2870446,-3.5610589374563997,7.261005814411743,0.2416868701485831,-0.17578903506687002,-3.288047,1.9926591,1.7407524352789572,4.8532333207494744,0.20188684242902705,-0.1374485920573421,-4.3025556,12.444466,4.2728484597711125,-0.6800158044761758
188,88,text,-0.3340995254340002,-0.3545681564888474,15.325381,1.895071,3.7737234256720744,-4.339698987609208,-0.23328838023953563,-0.3285755935901423,12.94468,0.6177386,0.0473856133715914,4.21030787688071,0.2082169365876049,0.18089107053341247,-1.8974472,4.183163,-6.530251426982858,0.05493572249102751,0.0722054825681682,0.30201309621188255,-2.018302,10.229499,-8.216467932921997,2.687478278968387
189,89,text,-0.46464284898886765,0.030905062757917916,14.726942,1.18271,5.224904888598361,-1.3175708876215924,-0.45772458432717683,0.03726450056666322,11.983264,0.13675497,-4.18873426953693,2.9891175203921456,0.2902641978112137,-0.12568074685890665,-4.0621157,2.232278,3.203375366154708,2.032719134856251,0.23323244812277882,-0.05715946817411097,-3.9397242,12.250485,1.9985568585222822,-3.815570988773544
190,90,text,-0.11801565648394297,-0.08968311155838368,13.315997,3.4818547,0.98005680090146,-0.12708486478535896,-0.05862741609915501,0.10982156894731891,11.299358,3.2721527,5.977413189007519,-4.674302771608509,-0.00041955943868545245,0.2835251227664177,-1.4937714,3.0825777,-2.985283734009532,-6.786956342792016,-0.24038936747260817,0.16775023709059422,-0.4062954,12.760302,-10.842679017239313,-9.254575094407807
191,91,text,-0.3289838308180397,0.019661262611032074,13.420025,2.549298,1.4749922531824504,1.4842545921716497,-0.30207091143781367,0.3801955918004282,11.123324,1.191169,-1.4949436128301308,-4.313790684066409,0.23417577536037013,-0.18618130346931291,-2.8349893,2.6244054,4.155063706705443,5.077935226277283,0.18094711984662434,-0.12482494334076265,-3.246877,10.2486315,-0.8135525740685875,1.1564475991365357
192,92,text,0.21421618822730362,-0.4595281466549018,13.382243,3.763417,-3.764344501352845,-1.1986243975356965,0.38558418958146395,-0.1785405756011637,11.489893,3.3789382,7.386989342039825,-4.532926416831438,0.31581591633353434,0.24699282414410592,-3.4851773,3.691763,-1.5888253395578238,-0.4025994278756113,0.02890858353023151,0.2466590202689972,-1.5140443,12.394323,-4.004075226109216,-4.623926835629357
193,93,text,0.3575594840554164,0.03993260910129628,11.425878,1.1621746,-7.49575198545575,3.1468419769227594,0.36923173544141796,0.3502705464701216,9.193514,1.2627873,-4.520131070876346,-6.187296118698056,0.02500795811818854,0.022310558344047472,-2.1981616,0.76486355,2.0989961592375384,9.228510261135604,-0.12878850428507768,-0.045009320872224506,-3.0267494,14.090806,10.457982372073769,2.508560307412411
194,94,text,-0.06693488201556917,-0.27893180149850993,14.646192,3.0825503,0.7591831107258374,-7.233696564320912,0.034598692965709006,-0.306179823952003,13.059879,2.9231606,6.2262431201674024,5.138179043342942,-0.08916871882045027,0.24962302975590178,-2.2524815,3.7026603,-6.214217076013892,7.096880222405041,-0.38044485338342204,0.03762389774142501,-1.1436154,12.967947,-12.72595668505016,2.614229056077534
195,95,text,-0.49651807954578997,-0.03286548682373647,14.692293,1.9394448,2.5012806347602208,-3.851024913618477,-0.47805969618580013,0.0017189695186170394,12.850275,0.7343297,-2.883724514201936,6.684232508033533,0.38020691177695215,-0.12033446045609059,-3.1891665,2.3263175,2.640473367159514,3.2466043656524795,0.261907699043518,-0.10924661889809145,-4.4373326,12.373534,1.818971239774437,-0.9839077895576387
196,96,text,-0.055856916938904655,-0.2977460109113663,14.284347,3.0424755,-1.6397570619578747,-5.19129642808505,0.06139996409189516,-0.2427400226565787,13.066223,2.5939214,4.851645942115754,3.825502216634667,0.18155468265083766,0.3269929714727278,-2.1495721,3.2448635,-2.978691991129268,0.13605342372922577,-0.14589637814184128,0.22084764425723702,-1.1818458,13.253576,-4.931087671696883,-3.3958399169265943
197,97,text,-0.3603125969257564,-0.2847630491988124,15.25791,1.5012063,4.574984043922508,-2.9570250344351225,-0.2802970813803556,-0.1948824749163874,12.283314,0.45704222,-0.8302388888955268,3.1812387688826402,0.38095190776212456,-0.013565261632902887,-3.9654446,2.9895608,-0.45554950051714344,2.575657291087715,0.2631279945961316,0.09970184391685671,-2.2962365,12.237894,-0.88974647419222,-3.3894946434163358
198,98,text,0.21688104672115763,-0.29349821398985887,14.22405,4.3046284,-3.2740459845575702,-5.510823411955437,0.3353602570906463,-0.1213138019624364,12.439448,3.2169876,7.14248157493734,1.7073738829202956,0.06894398304352013,0.19497204983206037,-1.1113336,4.3126197,-4.795366910404488,-1.9419205967118367,-0.12736704049073824,0.15138924305293894,-1.4234785,12.947473,-3.2641579191085124,-8.71410698065648
199,99,text,-0.05867045086846662,0.11096585926321215,12.372825,1.0567421,-4.961705410504091,5.13199749122649,-0.046349857537853624,0.4648914356209803,9.426807,1.0259336,-4.570195121209867,-7.708434824076118,0.31612548085382486,-0.28914227871894876,-3.0074797,1.1230222,0.14292043902145266,6.068172992132108,0.2820785222501285,-0.24371394737010904,-3.2763276,13.918008,8.967726781606565,0.6350126810019162
